region,average_rating,team_count
NA,26.638444134256947,6
EU,29.531174731518508,5
ASIA,14.329159896196197,1
OCE,23.02587690281837,2
SAM,17.228803626353297,2
ME,27.695677230460188,1
